<?xml version="1.0" encoding="UTF-8"?>
<record_update>
    <sys_documentation element="state" label="State" language="en" table="x_66238_tn33_feature_state_entry">
        <sys_documentation action="INSERT_OR_UPDATE">
            <element>state</element>
            <help/>
            <hint/>
            <label>State</label>
            <language>en</language>
            <name>x_66238_tn33_feature_state_entry</name>
            <plural>States</plural>
            <sys_class_name>sys_documentation</sys_class_name>
            <sys_created_by>admin</sys_created_by>
            <sys_created_on>2016-11-24 20:47:25</sys_created_on>
            <sys_customer_update>false</sys_customer_update>
            <sys_id>0e0e4d2167132200ca735bb557415a3b</sys_id>
            <sys_mod_count>0</sys_mod_count>
            <sys_name>State</sys_name>
            <sys_package display_value="tn33" source="x_66238_tn33">38fb7e68db5322002e38711ebf9619ac</sys_package>
            <sys_policy/>
            <sys_replace_on_upgrade>false</sys_replace_on_upgrade>
            <sys_scope display_value="tn33">38fb7e68db5322002e38711ebf9619ac</sys_scope>
            <sys_update_name>sys_documentation_x_66238_tn33_feature_state_entry_state_en</sys_update_name>
            <sys_updated_by>admin</sys_updated_by>
            <sys_updated_on>2016-11-24 20:47:25</sys_updated_on>
            <url/>
            <url_target/>
        </sys_documentation>
    </sys_documentation>
</record_update>
