<?xml version="1.0" encoding="UTF-8"?>
<record_update table="sys_security_acl_role">
    <sys_security_acl_role action="INSERT_OR_UPDATE">
        <sys_class_name>sys_security_acl_role</sys_class_name>
        <sys_created_by>admin</sys_created_by>
        <sys_created_on>2016-11-24 20:46:13</sys_created_on>
        <sys_customer_update>false</sys_customer_update>
        <sys_id>9ccd0d2167132200ca735bb557415a4f</sys_id>
        <sys_mod_count>0</sys_mod_count>
        <sys_name>x_66238_tn33_feature_state_map.x_66238_tn33_feature_state_map_user</sys_name>
        <sys_package display_value="tn33" source="x_66238_tn33">38fb7e68db5322002e38711ebf9619ac</sys_package>
        <sys_policy/>
        <sys_replace_on_upgrade>false</sys_replace_on_upgrade>
        <sys_scope display_value="tn33">38fb7e68db5322002e38711ebf9619ac</sys_scope>
        <sys_security_acl display_value="x_66238_tn33_feature_state_map">90cd0d2167132200ca735bb557415a4f</sys_security_acl>
        <sys_update_name>sys_security_acl_role_9ccd0d2167132200ca735bb557415a4f</sys_update_name>
        <sys_updated_by>admin</sys_updated_by>
        <sys_updated_on>2016-11-24 20:46:13</sys_updated_on>
        <sys_user_role display_value="x_66238_tn33_feature_state_map_user" name="x_66238_tn33_feature_state_map_user">44cd092167132200ca735bb557415ad7</sys_user_role>
        <transaction_id/>
    </sys_security_acl_role>
</record_update>
