<?xml version="1.0" encoding="UTF-8"?>
<record_update table="sys_script_include">
    <sys_script_include action="INSERT_OR_UPDATE">
        <access>package_private</access>
        <active>true</active>
        <api_name>x_66238_tn33.StateMapper</api_name>
        <client_callable>true</client_callable>
        <description/>
        <name>StateMapper</name>
        <script><![CDATA[var StateMapper = Class.create();
StateMapper.prototype = Object.extendsObject(global.AbstractAjaxProcessor, {
	getStates : function() {
	
		var list = [];
		var stateVal = this.getParameter('sysparm_stateVal');
		var mapTableName = 'x_66238_tn33_feature_state_map';
		var entryTableName = 'x_66238_tn33_feature_state_entry';
		
		var map = new GlideRecord(mapTableName);
		map.addQuery('state', stateVal);
		map.query();
		
		if (map.next()) {
			
			var mapId = map.getValue('sys_id');
			var entry = new GlideRecord(entryTableName);
			entry.addQuery('map', mapId);
			entry.orderBy('order');
			entry.query();
			
			while (entry.next()){
				var eObj = {};
				eObj.value = entry.getValue('state');
				eObj.label = entry.state.getDisplayValue();
				eObj.selected = (entry.getValue('state') == stateVal);
				list.push(eObj);
			}
		}
		
		return JSON.stringify(list);
	},
    type: 'StateMapper'
});]]></script>
        <sys_class_name>sys_script_include</sys_class_name>
        <sys_created_by>admin</sys_created_by>
        <sys_created_on>2016-12-15 20:38:35</sys_created_on>
        <sys_customer_update>true</sys_customer_update>
        <sys_id>458411586733220060525bb557415a4f</sys_id>
        <sys_mod_count>1</sys_mod_count>
        <sys_name>StateMapper</sys_name>
        <sys_package display_value="tn33" source="x_66238_tn33">38fb7e68db5322002e38711ebf9619ac</sys_package>
        <sys_policy>read</sys_policy>
        <sys_replace_on_upgrade>false</sys_replace_on_upgrade>
        <sys_scope display_value="tn33">38fb7e68db5322002e38711ebf9619ac</sys_scope>
        <sys_update_name>sys_script_include_458411586733220060525bb557415a4f</sys_update_name>
        <sys_updated_by>admin</sys_updated_by>
        <sys_updated_on>2016-12-15 20:43:56</sys_updated_on>
    </sys_script_include>
</record_update>
