<?xml version="1.0" encoding="UTF-8"?>
<record_update table="sys_db_object">
    <sys_db_object action="INSERT_OR_UPDATE">
        <access>public</access>
        <actions_access>false</actions_access>
        <alter_access>false</alter_access>
        <client_scripts_access>false</client_scripts_access>
        <configuration_access>false</configuration_access>
        <create_access>false</create_access>
        <create_access_controls>true</create_access_controls>
        <delete_access>false</delete_access>
        <extension_model/>
        <is_extendable>false</is_extendable>
        <label>Feature state entry</label>
        <live_feed_enabled>false</live_feed_enabled>
        <name>x_66238_tn33_feature_state_entry</name>
        <number_ref/>
        <provider_class/>
        <read_access>true</read_access>
        <super_class/>
        <sys_class_name>sys_db_object</sys_class_name>
        <sys_created_by>admin</sys_created_by>
        <sys_created_on>2016-11-24 20:47:24</sys_created_on>
        <sys_customer_update>false</sys_customer_update>
        <sys_id>16dd0d2167132200ca735bb557415a5f</sys_id>
        <sys_mod_count>0</sys_mod_count>
        <sys_name>Feature state entry</sys_name>
        <sys_package display_value="tn33" source="x_66238_tn33">38fb7e68db5322002e38711ebf9619ac</sys_package>
        <sys_policy/>
        <sys_replace_on_upgrade>false</sys_replace_on_upgrade>
        <sys_scope display_value="tn33">38fb7e68db5322002e38711ebf9619ac</sys_scope>
        <sys_update_name>sys_db_object_16dd0d2167132200ca735bb557415a5f</sys_update_name>
        <sys_updated_by>admin</sys_updated_by>
        <sys_updated_on>2016-11-24 20:47:24</sys_updated_on>
        <update_access>false</update_access>
        <user_role display_value="x_66238_tn33_feature_state_entry_user" name="x_66238_tn33_feature_state_entry_user">a90e4d2167132200ca735bb557415a2a</user_role>
        <ws_access>true</ws_access>
    </sys_db_object>
</record_update>
