<?xml version="1.0" encoding="UTF-8"?>
<record_update>
    <sys_choice action="INSERT_OR_UPDATE" field="priority" table="x_66238_tn33_feature" version="3">
        <sys_choice action="INSERT_OR_UPDATE">
            <dependent_value/>
            <element>priority</element>
            <hint/>
            <inactive>false</inactive>
            <label>1 - Critical</label>
            <language>en</language>
            <name>x_66238_tn33_feature</name>
            <sequence>0</sequence>
            <sys_created_by>admin</sys_created_by>
            <sys_created_on>2016-11-23 18:15:00</sys_created_on>
            <sys_domain>global</sys_domain>
            <sys_domain_path>/</sys_domain_path>
            <sys_id>2b81e7c5dbd722002e38711ebf961983</sys_id>
            <sys_mod_count>0</sys_mod_count>
            <sys_updated_by>admin</sys_updated_by>
            <sys_updated_on>2016-11-23 18:15:00</sys_updated_on>
            <value>1</value>
        </sys_choice>
        <sys_choice action="INSERT_OR_UPDATE">
            <dependent_value/>
            <element>priority</element>
            <hint/>
            <inactive>false</inactive>
            <label>2 - High</label>
            <language>en</language>
            <name>x_66238_tn33_feature</name>
            <sequence>1</sequence>
            <sys_created_by>admin</sys_created_by>
            <sys_created_on>2016-11-23 18:15:00</sys_created_on>
            <sys_domain>global</sys_domain>
            <sys_domain_path>/</sys_domain_path>
            <sys_id>6781e7c5dbd722002e38711ebf961984</sys_id>
            <sys_mod_count>0</sys_mod_count>
            <sys_updated_by>admin</sys_updated_by>
            <sys_updated_on>2016-11-23 18:15:00</sys_updated_on>
            <value>2</value>
        </sys_choice>
        <sys_choice action="INSERT_OR_UPDATE">
            <dependent_value/>
            <element>priority</element>
            <hint/>
            <inactive>false</inactive>
            <label>3 - Moderate</label>
            <language>en</language>
            <name>x_66238_tn33_feature</name>
            <sequence>2</sequence>
            <sys_created_by>admin</sys_created_by>
            <sys_created_on>2016-11-23 18:15:00</sys_created_on>
            <sys_domain>global</sys_domain>
            <sys_domain_path>/</sys_domain_path>
            <sys_id>2381e7c5dbd722002e38711ebf961985</sys_id>
            <sys_mod_count>0</sys_mod_count>
            <sys_updated_by>admin</sys_updated_by>
            <sys_updated_on>2016-11-23 18:15:00</sys_updated_on>
            <value>3</value>
        </sys_choice>
        <sys_choice action="INSERT_OR_UPDATE">
            <dependent_value/>
            <element>priority</element>
            <hint/>
            <inactive>false</inactive>
            <label>4 - Low</label>
            <language>en</language>
            <name>x_66238_tn33_feature</name>
            <sequence>3</sequence>
            <sys_created_by>admin</sys_created_by>
            <sys_created_on>2016-11-23 18:15:00</sys_created_on>
            <sys_domain>global</sys_domain>
            <sys_domain_path>/</sys_domain_path>
            <sys_id>eb81e7c5dbd722002e38711ebf961985</sys_id>
            <sys_mod_count>0</sys_mod_count>
            <sys_updated_by>admin</sys_updated_by>
            <sys_updated_on>2016-11-23 18:15:00</sys_updated_on>
            <value>4</value>
        </sys_choice>
        <sys_choice action="INSERT_OR_UPDATE">
            <dependent_value/>
            <element>priority</element>
            <hint/>
            <inactive>false</inactive>
            <label>5 - Planning</label>
            <language>en</language>
            <name>x_66238_tn33_feature</name>
            <sequence>4</sequence>
            <sys_created_by>admin</sys_created_by>
            <sys_created_on>2016-11-23 18:15:00</sys_created_on>
            <sys_domain>global</sys_domain>
            <sys_domain_path>/</sys_domain_path>
            <sys_id>a781e7c5dbd722002e38711ebf961986</sys_id>
            <sys_mod_count>0</sys_mod_count>
            <sys_updated_by>admin</sys_updated_by>
            <sys_updated_on>2016-11-23 18:15:00</sys_updated_on>
            <value>5</value>
        </sys_choice>
        <sys_choice_set action="INSERT_OR_UPDATE">
            <element>priority</element>
            <name>x_66238_tn33_feature</name>
            <sys_class_name>sys_choice_set</sys_class_name>
            <sys_created_by>admin</sys_created_by>
            <sys_created_on>2016-11-23 18:15:00</sys_created_on>
            <sys_customer_update>false</sys_customer_update>
            <sys_id>66c049906733220060525bb557415a8b</sys_id>
            <sys_mod_count>2</sys_mod_count>
            <sys_name>priority</sys_name>
            <sys_package display_value="tn33" source="x_66238_tn33">38fb7e68db5322002e38711ebf9619ac</sys_package>
            <sys_policy/>
            <sys_replace_on_upgrade>false</sys_replace_on_upgrade>
            <sys_scope display_value="tn33">38fb7e68db5322002e38711ebf9619ac</sys_scope>
            <sys_update_name>sys_choice_x_66238_tn33_feature_priority</sys_update_name>
            <sys_updated_by>admin</sys_updated_by>
            <sys_updated_on>2016-11-24 20:00:33</sys_updated_on>
        </sys_choice_set>
    </sys_choice>
</record_update>
