<?xml version="1.0" encoding="UTF-8"?>
<record_update sys_domain="global" table="sys_app_module">
    <sys_app_module action="INSERT_OR_UPDATE">
        <active>true</active>
        <application display_value="TechNow">490123c9db9722002e38711ebf961994</application>
        <assessment/>
        <content_page/>
        <device_type/>
        <filter/>
        <hint/>
        <homepage/>
        <image/>
        <link_type>LIST</link_type>
        <map_page/>
        <mobile_title>Feature state maps</mobile_title>
        <mobile_view_name>Mobile</mobile_view_name>
        <name>x_66238_tn33_feature_state_map</name>
        <order>200</order>
        <override_menu_roles>false</override_menu_roles>
        <query/>
        <report/>
        <roles>x_66238_tn33_feature_state_map_user</roles>
        <survey/>
        <survey_overwrite>true</survey_overwrite>
        <sys_class_name>sys_app_module</sys_class_name>
        <sys_created_by>admin</sys_created_by>
        <sys_created_on>2016-11-24 20:46:13</sys_created_on>
        <sys_customer_update>false</sys_customer_update>
        <sys_domain>global</sys_domain>
        <sys_domain_path>/</sys_domain_path>
        <sys_id>10cd0d2167132200ca735bb557415a4e</sys_id>
        <sys_mod_count>1</sys_mod_count>
        <sys_name>Feature state maps</sys_name>
        <sys_overrides/>
        <sys_package display_value="tn33" source="x_66238_tn33">38fb7e68db5322002e38711ebf9619ac</sys_package>
        <sys_policy/>
        <sys_replace_on_upgrade>false</sys_replace_on_upgrade>
        <sys_scope display_value="tn33">38fb7e68db5322002e38711ebf9619ac</sys_scope>
        <sys_update_name>sys_app_module_10cd0d2167132200ca735bb557415a4e</sys_update_name>
        <sys_updated_by>admin</sys_updated_by>
        <sys_updated_on>2016-11-24 20:49:09</sys_updated_on>
        <timeline_page/>
        <title>Feature state maps</title>
        <uncancelable>false</uncancelable>
        <view_name/>
        <window_name/>
    </sys_app_module>
</record_update>
