<?xml version="1.0" encoding="UTF-8"?>
<record_update table="sys_metadata_link">
    <sys_metadata_link action="INSERT_OR_UPDATE">
        <directory>update</directory>
        <documentkey>bb9f816167132200ca735bb557415a94</documentkey>
        <payload><![CDATA[<?xml version="1.0" encoding="UTF-8"?>
<record_update table="x_66238_tn33_feature_state_map">
    <x_66238_tn33_feature_state_map action="INSERT_OR_UPDATE">
        <state>9</state>
        <sys_created_by>admin</sys_created_by>
        <sys_created_on>2016-11-24 20:55:19</sys_created_on>
        <sys_id>bb9f816167132200ca735bb557415a94</sys_id>
        <sys_mod_count>1</sys_mod_count>
        <sys_updated_by>admin</sys_updated_by>
        <sys_updated_on>2016-11-24 20:57:53</sys_updated_on>
    </x_66238_tn33_feature_state_map>
</record_update>
]]></payload>
        <sys_class_name>sys_metadata_link</sys_class_name>
        <sys_created_by>admin</sys_created_by>
        <sys_created_on>2016-11-24 21:05:09</sys_created_on>
        <sys_customer_update>false</sys_customer_update>
        <sys_id>3112d56167132200ca735bb557415a8b</sys_id>
        <sys_mod_count>0</sys_mod_count>
        <sys_name>Created 2016-11-24 15:55:19</sys_name>
        <sys_package display_value="tn33" source="x_66238_tn33">38fb7e68db5322002e38711ebf9619ac</sys_package>
        <sys_policy/>
        <sys_replace_on_upgrade>false</sys_replace_on_upgrade>
        <sys_scope display_value="tn33">38fb7e68db5322002e38711ebf9619ac</sys_scope>
        <sys_update_name>sys_metadata_link_3112d56167132200ca735bb557415a8b</sys_update_name>
        <sys_updated_by>admin</sys_updated_by>
        <sys_updated_on>2016-11-24 21:05:09</sys_updated_on>
        <tablename>x_66238_tn33_feature_state_map</tablename>
    </sys_metadata_link>
</record_update>
