<?xml version="1.0" encoding="UTF-8"?>
<record_update table="sys_metadata_link">
    <sys_metadata_link action="INSERT_OR_UPDATE">
        <directory>update</directory>
        <documentkey>ebb1d56167132200ca735bb557415a21</documentkey>
        <payload><![CDATA[<?xml version="1.0" encoding="UTF-8"?>
<record_update table="x_66238_tn33_feature_state_entry">
    <x_66238_tn33_feature_state_entry action="INSERT_OR_UPDATE">
        <map display_value="Deferred">b8a1956167132200ca735bb557415ad9</map>
        <order>300</order>
        <state>7</state>
        <sys_created_by>admin</sys_created_by>
        <sys_created_on>2016-11-24 21:03:59</sys_created_on>
        <sys_id>ebb1d56167132200ca735bb557415a21</sys_id>
        <sys_mod_count>0</sys_mod_count>
        <sys_updated_by>admin</sys_updated_by>
        <sys_updated_on>2016-11-24 21:03:59</sys_updated_on>
    </x_66238_tn33_feature_state_entry>
</record_update>
]]></payload>
        <sys_class_name>sys_metadata_link</sys_class_name>
        <sys_created_by>admin</sys_created_by>
        <sys_created_on>2016-11-24 21:06:20</sys_created_on>
        <sys_customer_update>false</sys_customer_update>
        <sys_id>8752196167132200ca735bb557415a90</sys_id>
        <sys_mod_count>0</sys_mod_count>
        <sys_name>Created 2016-11-24 16:03:59</sys_name>
        <sys_package display_value="tn33" source="x_66238_tn33">38fb7e68db5322002e38711ebf9619ac</sys_package>
        <sys_policy/>
        <sys_replace_on_upgrade>false</sys_replace_on_upgrade>
        <sys_scope display_value="tn33">38fb7e68db5322002e38711ebf9619ac</sys_scope>
        <sys_update_name>sys_metadata_link_8752196167132200ca735bb557415a90</sys_update_name>
        <sys_updated_by>admin</sys_updated_by>
        <sys_updated_on>2016-11-24 21:06:20</sys_updated_on>
        <tablename>x_66238_tn33_feature_state_entry</tablename>
    </sys_metadata_link>
</record_update>
