<?xml version="1.0" encoding="UTF-8"?>
<record_update>
    <sys_ui_list parent="" relationship="" sys_domain="global" table="x_66238_tn33_feature" version="2" view="">
        <sys_ui_list_element action="INSERT_OR_UPDATE">
            <average_value>false</average_value>
            <element>number</element>
            <list_id display_value="x_66238_tn33_feature" element="NULL" name="x_66238_tn33_feature" parent="NULL" relationship="NULL" sys_domain="global" view="Default view">434123c5dbd722002e38711ebf9619a7</list_id>
            <max_value>false</max_value>
            <min_value>false</min_value>
            <position>0</position>
            <sum>false</sum>
            <sys_created_by>admin</sys_created_by>
            <sys_created_on>2016-11-23 18:13:52</sys_created_on>
            <sys_id>874123c5dbd722002e38711ebf9619a7</sys_id>
            <sys_mod_count>0</sys_mod_count>
            <sys_updated_by>admin</sys_updated_by>
            <sys_updated_on>2016-11-23 18:13:52</sys_updated_on>
        </sys_ui_list_element>
        <sys_ui_list_element action="INSERT_OR_UPDATE">
            <average_value>false</average_value>
            <element>short_description</element>
            <list_id display_value="x_66238_tn33_feature" element="NULL" name="x_66238_tn33_feature" parent="NULL" relationship="NULL" sys_domain="global" view="Default view">434123c5dbd722002e38711ebf9619a7</list_id>
            <max_value>false</max_value>
            <min_value>false</min_value>
            <position>1</position>
            <sum>false</sum>
            <sys_created_by>admin</sys_created_by>
            <sys_created_on>2016-11-23 18:13:52</sys_created_on>
            <sys_id>0b4123c5dbd722002e38711ebf9619a7</sys_id>
            <sys_mod_count>0</sys_mod_count>
            <sys_updated_by>admin</sys_updated_by>
            <sys_updated_on>2016-11-23 18:13:52</sys_updated_on>
        </sys_ui_list_element>
        <sys_ui_list_element action="INSERT_OR_UPDATE">
            <average_value>false</average_value>
            <element>state</element>
            <list_id display_value="x_66238_tn33_feature" element="NULL" name="x_66238_tn33_feature" parent="NULL" relationship="NULL" sys_domain="global" view="Default view">434123c5dbd722002e38711ebf9619a7</list_id>
            <max_value>false</max_value>
            <min_value>false</min_value>
            <position>2</position>
            <sum>false</sum>
            <sys_created_by>admin</sys_created_by>
            <sys_created_on>2016-11-23 18:13:52</sys_created_on>
            <sys_id>8b4123c5dbd722002e38711ebf9619a7</sys_id>
            <sys_mod_count>0</sys_mod_count>
            <sys_updated_by>admin</sys_updated_by>
            <sys_updated_on>2016-11-23 18:13:52</sys_updated_on>
        </sys_ui_list_element>
        <sys_ui_list_element action="INSERT_OR_UPDATE">
            <average_value>false</average_value>
            <element>assigned_to</element>
            <list_id display_value="x_66238_tn33_feature" element="NULL" name="x_66238_tn33_feature" parent="NULL" relationship="NULL" sys_domain="global" view="Default view">434123c5dbd722002e38711ebf9619a7</list_id>
            <max_value>false</max_value>
            <min_value>false</min_value>
            <position>3</position>
            <sum>false</sum>
            <sys_created_by>admin</sys_created_by>
            <sys_created_on>2016-11-23 18:13:52</sys_created_on>
            <sys_id>0f4123c5dbd722002e38711ebf9619a7</sys_id>
            <sys_mod_count>0</sys_mod_count>
            <sys_updated_by>admin</sys_updated_by>
            <sys_updated_on>2016-11-23 18:13:52</sys_updated_on>
        </sys_ui_list_element>
        <sys_ui_list action="INSERT_OR_UPDATE">
            <average_value>false</average_value>
            <element/>
            <max_value>false</max_value>
            <min_value>false</min_value>
            <name>x_66238_tn33_feature</name>
            <parent/>
            <position/>
            <relationship/>
            <sum>false</sum>
            <sys_class_name>sys_ui_list</sys_class_name>
            <sys_created_by>admin</sys_created_by>
            <sys_created_on>2016-11-23 18:13:52</sys_created_on>
            <sys_customer_update>false</sys_customer_update>
            <sys_domain>global</sys_domain>
            <sys_domain_path>/</sys_domain_path>
            <sys_id>434123c5dbd722002e38711ebf9619a7</sys_id>
            <sys_mod_count>0</sys_mod_count>
            <sys_name>x_66238_tn33_feature</sys_name>
            <sys_package display_value="tn33" source="x_66238_tn33">38fb7e68db5322002e38711ebf9619ac</sys_package>
            <sys_policy/>
            <sys_replace_on_upgrade>false</sys_replace_on_upgrade>
            <sys_scope display_value="tn33">38fb7e68db5322002e38711ebf9619ac</sys_scope>
            <sys_update_name>sys_ui_list_x_66238_tn33_feature_null</sys_update_name>
            <sys_updated_by>admin</sys_updated_by>
            <sys_updated_on>2016-11-23 18:13:52</sys_updated_on>
            <sys_user/>
            <view display_value="Default view" name="NULL">Default view</view>
            <view_name/>
        </sys_ui_list>
    </sys_ui_list>
</record_update>
