<?xml version="1.0" encoding="UTF-8"?>
<record_update table="sys_metadata_link">
    <sys_metadata_link action="INSERT_OR_UPDATE">
        <directory>update</directory>
        <documentkey>db912bc5dbd722002e38711ebf961926</documentkey>
        <payload><![CDATA[<?xml version="1.0" encoding="UTF-8"?>
<record_update table="sys_number_counter">
    <sys_number_counter action="INSERT_OR_UPDATE">
        <number>1003</number>
        <sys_created_by>admin</sys_created_by>
        <sys_created_on>2016-11-23 18:15:15</sys_created_on>
        <sys_id>db912bc5dbd722002e38711ebf961926</sys_id>
        <sys_mod_count>0</sys_mod_count>
        <sys_updated_by>admin</sys_updated_by>
        <sys_updated_on>2016-11-23 18:15:15</sys_updated_on>
        <table display_value="" name="x_66238_tn33_feature">x_66238_tn33_feature</table>
    </sys_number_counter>
</record_update>
]]></payload>
        <sys_class_name>sys_metadata_link</sys_class_name>
        <sys_created_by>admin</sys_created_by>
        <sys_created_on>2016-11-24 20:01:20</sys_created_on>
        <sys_customer_update>false</sys_customer_update>
        <sys_id>cf7389eddb5f22002e38711ebf96191d</sys_id>
        <sys_mod_count>0</sys_mod_count>
        <sys_name>1,003</sys_name>
        <sys_package display_value="tn33" source="x_66238_tn33">38fb7e68db5322002e38711ebf9619ac</sys_package>
        <sys_policy/>
        <sys_replace_on_upgrade>false</sys_replace_on_upgrade>
        <sys_scope display_value="tn33">38fb7e68db5322002e38711ebf9619ac</sys_scope>
        <sys_update_name>sys_metadata_link_cf7389eddb5f22002e38711ebf96191d</sys_update_name>
        <sys_updated_by>admin</sys_updated_by>
        <sys_updated_on>2016-11-24 20:01:20</sys_updated_on>
        <tablename>sys_number_counter</tablename>
    </sys_metadata_link>
</record_update>
