<?xml version="1.0" encoding="UTF-8"?>
<record_update table="sys_metadata_link">
    <sys_metadata_link action="INSERT_OR_UPDATE">
        <directory>update</directory>
        <documentkey>e8d32709dbd722002e38711ebf961949</documentkey>
        <payload><![CDATA[<?xml version="1.0" encoding="UTF-8"?>
<record_update sys_domain="global" table="x_66238_tn33_feature">
    <x_66238_tn33_feature action="INSERT_OR_UPDATE">
        <active>true</active>
        <activity_due/>
        <additional_assignee_list/>
        <approval>not requested</approval>
        <approval_history/>
        <approval_set/>
        <assigned_to display_value="David Loo">5137153cc611227c000bbd1bd8cd2007</assigned_to>
        <assignment_group/>
        <business_duration/>
        <business_service/>
        <calendar_duration/>
        <close_notes/>
        <closed_at/>
        <closed_by/>
        <cmdb_ci/>
        <comments/>
        <comments_and_work_notes/>
        <company/>
        <contact_type/>
        <correlation_display/>
        <correlation_id/>
        <delivery_plan/>
        <delivery_task/>
        <description>Our team is getting more specialized. Please add an assignment group field.</description>
        <due_date/>
        <escalation>0</escalation>
        <expected_start/>
        <follow_up/>
        <group_list/>
        <impact>3</impact>
        <knowledge>false</knowledge>
        <location/>
        <made_sla>true</made_sla>
        <number>FEA0001003</number>
        <opened_at>2016-11-23 18:24:54</opened_at>
        <opened_by display_value="System Administrator">6816f79cc0a8016401c5a33be04be441</opened_by>
        <order/>
        <parent/>
        <priority>4</priority>
        <reassignment_count>0</reassignment_count>
        <rejection_goto/>
        <short_description>Add an assignment group field</short_description>
        <skills/>
        <sla_due/>
        <state>1</state>
        <sys_class_name>x_66238_tn33_feature</sys_class_name>
        <sys_created_by>admin</sys_created_by>
        <sys_created_on>2016-11-23 18:25:28</sys_created_on>
        <sys_domain>global</sys_domain>
        <sys_domain_path>/</sys_domain_path>
        <sys_id>e8d32709dbd722002e38711ebf961949</sys_id>
        <sys_mod_count>0</sys_mod_count>
        <sys_updated_by>admin</sys_updated_by>
        <sys_updated_on>2016-11-23 18:25:28</sys_updated_on>
        <time_worked/>
        <upon_approval>proceed</upon_approval>
        <upon_reject>cancel</upon_reject>
        <urgency>3</urgency>
        <user_input/>
        <variables/>
        <watch_list/>
        <wf_activity/>
        <work_end/>
        <work_notes/>
        <work_notes_list/>
        <work_start/>
    </x_66238_tn33_feature>
</record_update>
]]></payload>
        <sys_class_name>sys_metadata_link</sys_class_name>
        <sys_created_by>admin</sys_created_by>
        <sys_created_on>2016-11-24 20:00:56</sys_created_on>
        <sys_customer_update>false</sys_customer_update>
        <sys_id>99630d29db9b22002e38711ebf961961</sys_id>
        <sys_mod_count>0</sys_mod_count>
        <sys_name>FEA0001003</sys_name>
        <sys_package display_value="tn33" source="x_66238_tn33">38fb7e68db5322002e38711ebf9619ac</sys_package>
        <sys_policy/>
        <sys_replace_on_upgrade>false</sys_replace_on_upgrade>
        <sys_scope display_value="tn33">38fb7e68db5322002e38711ebf9619ac</sys_scope>
        <sys_update_name>sys_metadata_link_99630d29db9b22002e38711ebf961961</sys_update_name>
        <sys_updated_by>admin</sys_updated_by>
        <sys_updated_on>2016-11-24 20:00:56</sys_updated_on>
        <tablename>x_66238_tn33_feature</tablename>
    </sys_metadata_link>
</record_update>
