<?xml version="1.0" encoding="UTF-8"?>
<record_update>
    <sys_ui_form_sections form_id="2781e7c5dbd722002e38711ebf96197e" sys_domain="global" table="x_66238_tn33_feature" version="3">
        <sys_ui_form_section action="INSERT_OR_UPDATE">
            <position>0</position>
            <sys_created_by>admin</sys_created_by>
            <sys_created_on>2016-11-23 18:15:00</sys_created_on>
            <sys_domain>global</sys_domain>
            <sys_domain_path>/</sys_domain_path>
            <sys_id>ab81e7c5dbd722002e38711ebf96197e</sys_id>
            <sys_mod_count>0</sys_mod_count>
            <sys_overrides/>
            <sys_ui_form display_value="x_66238_tn33_feature" name="x_66238_tn33_feature" sys_domain="global" view="Default view">2781e7c5dbd722002e38711ebf96197e</sys_ui_form>
            <sys_ui_section caption="NULL" display_value="" name="x_66238_tn33_feature" sys_domain="global" view="Default view">b9216f85dbd722002e38711ebf9619ba</sys_ui_section>
            <sys_updated_by>admin</sys_updated_by>
            <sys_updated_on>2016-11-23 18:15:00</sys_updated_on>
        </sys_ui_form_section>
        <sys_ui_form_section action="INSERT_OR_UPDATE">
            <position>1</position>
            <sys_created_by>admin</sys_created_by>
            <sys_created_on>2016-11-23 18:15:00</sys_created_on>
            <sys_domain>global</sys_domain>
            <sys_domain_path>/</sys_domain_path>
            <sys_id>2f81e7c5dbd722002e38711ebf96197e</sys_id>
            <sys_mod_count>0</sys_mod_count>
            <sys_overrides/>
            <sys_ui_form display_value="x_66238_tn33_feature" name="x_66238_tn33_feature" sys_domain="global" view="Default view">2781e7c5dbd722002e38711ebf96197e</sys_ui_form>
            <sys_ui_section caption="Activity" display_value="Activity" name="x_66238_tn33_feature" sys_domain="global" view="Default view">af81e7c5dbd722002e38711ebf96197d</sys_ui_section>
            <sys_updated_by>admin</sys_updated_by>
            <sys_updated_on>2016-11-23 18:15:00</sys_updated_on>
        </sys_ui_form_section>
        <sys_ui_form action="INSERT_OR_UPDATE">
            <name>x_66238_tn33_feature</name>
            <roles/>
            <sys_class_name>sys_ui_form</sys_class_name>
            <sys_created_by>admin</sys_created_by>
            <sys_created_on>2016-11-23 18:15:00</sys_created_on>
            <sys_customer_update>false</sys_customer_update>
            <sys_domain>global</sys_domain>
            <sys_domain_path>/</sys_domain_path>
            <sys_id>2781e7c5dbd722002e38711ebf96197e</sys_id>
            <sys_mod_count>0</sys_mod_count>
            <sys_name>x_66238_tn33_feature</sys_name>
            <sys_overrides/>
            <sys_package display_value="tn33" source="x_66238_tn33">38fb7e68db5322002e38711ebf9619ac</sys_package>
            <sys_policy/>
            <sys_replace_on_upgrade>false</sys_replace_on_upgrade>
            <sys_scope display_value="tn33">38fb7e68db5322002e38711ebf9619ac</sys_scope>
            <sys_update_name>sys_ui_form_sections_2781e7c5dbd722002e38711ebf96197e</sys_update_name>
            <sys_updated_by>admin</sys_updated_by>
            <sys_updated_on>2016-11-23 18:15:00</sys_updated_on>
            <sys_user/>
            <view display_value="Default view" name="NULL">Default view</view>
            <view_name/>
        </sys_ui_form>
    </sys_ui_form_sections>
</record_update>
