<?xml version="1.0" encoding="UTF-8"?>
<record_update>
    <sys_ui_section caption="" section_id="f4fe416167132200ca735bb557415a98" sys_domain="global" table="x_66238_tn33_feature_state_map" version="3" view="">
        <sys_ui_element action="INSERT_OR_UPDATE">
            <element>.begin_split</element>
            <position>0</position>
            <sys_created_by>admin</sys_created_by>
            <sys_created_on>2016-11-24 20:56:52</sys_created_on>
            <sys_id>d030d16167132200ca735bb557415a5a</sys_id>
            <sys_mod_count>0</sys_mod_count>
            <sys_ui_formatter/>
            <sys_ui_section caption="NULL" display_value="" name="x_66238_tn33_feature_state_map" sys_domain="global" view="Default view">f4fe416167132200ca735bb557415a98</sys_ui_section>
            <sys_updated_by>admin</sys_updated_by>
            <sys_updated_on>2016-11-24 20:56:52</sys_updated_on>
            <sys_user/>
            <type>.begin_split</type>
        </sys_ui_element>
        <sys_ui_element action="INSERT_OR_UPDATE">
            <element>state</element>
            <position>1</position>
            <sys_created_by>admin</sys_created_by>
            <sys_created_on>2016-11-24 20:56:52</sys_created_on>
            <sys_id>5430d16167132200ca735bb557415a5a</sys_id>
            <sys_mod_count>0</sys_mod_count>
            <sys_ui_formatter/>
            <sys_ui_section caption="NULL" display_value="" name="x_66238_tn33_feature_state_map" sys_domain="global" view="Default view">f4fe416167132200ca735bb557415a98</sys_ui_section>
            <sys_updated_by>admin</sys_updated_by>
            <sys_updated_on>2016-11-24 20:56:52</sys_updated_on>
            <sys_user/>
            <type/>
        </sys_ui_element>
        <sys_ui_element action="INSERT_OR_UPDATE">
            <element>.split</element>
            <position>2</position>
            <sys_created_by>admin</sys_created_by>
            <sys_created_on>2016-11-24 20:56:52</sys_created_on>
            <sys_id>d430d16167132200ca735bb557415a5a</sys_id>
            <sys_mod_count>0</sys_mod_count>
            <sys_ui_formatter/>
            <sys_ui_section caption="NULL" display_value="" name="x_66238_tn33_feature_state_map" sys_domain="global" view="Default view">f4fe416167132200ca735bb557415a98</sys_ui_section>
            <sys_updated_by>admin</sys_updated_by>
            <sys_updated_on>2016-11-24 20:56:52</sys_updated_on>
            <sys_user/>
            <type>.split</type>
        </sys_ui_element>
        <sys_ui_element action="INSERT_OR_UPDATE">
            <element>order</element>
            <position>3</position>
            <sys_created_by>admin</sys_created_by>
            <sys_created_on>2016-11-24 20:56:52</sys_created_on>
            <sys_id>5830d16167132200ca735bb557415a5a</sys_id>
            <sys_mod_count>0</sys_mod_count>
            <sys_ui_formatter/>
            <sys_ui_section caption="NULL" display_value="" name="x_66238_tn33_feature_state_map" sys_domain="global" view="Default view">f4fe416167132200ca735bb557415a98</sys_ui_section>
            <sys_updated_by>admin</sys_updated_by>
            <sys_updated_on>2016-11-24 20:56:52</sys_updated_on>
            <sys_user/>
            <type/>
        </sys_ui_element>
        <sys_ui_element action="INSERT_OR_UPDATE">
            <element>.end_split</element>
            <position>4</position>
            <sys_created_by>admin</sys_created_by>
            <sys_created_on>2016-11-24 20:56:52</sys_created_on>
            <sys_id>d830d16167132200ca735bb557415a5a</sys_id>
            <sys_mod_count>0</sys_mod_count>
            <sys_ui_formatter/>
            <sys_ui_section caption="NULL" display_value="" name="x_66238_tn33_feature_state_map" sys_domain="global" view="Default view">f4fe416167132200ca735bb557415a98</sys_ui_section>
            <sys_updated_by>admin</sys_updated_by>
            <sys_updated_on>2016-11-24 20:56:52</sys_updated_on>
            <sys_user/>
            <type>.end_split</type>
        </sys_ui_element>
        <sys_ui_element action="INSERT_OR_UPDATE">
            <element>12M.x_66238_tn33_feature_state_map.x_66238_tn33_feature_state_entry.map</element>
            <position>5</position>
            <sys_created_by>admin</sys_created_by>
            <sys_created_on>2016-11-24 20:56:52</sys_created_on>
            <sys_id>5c30d16167132200ca735bb557415a5a</sys_id>
            <sys_mod_count>0</sys_mod_count>
            <sys_ui_formatter/>
            <sys_ui_section caption="NULL" display_value="" name="x_66238_tn33_feature_state_map" sys_domain="global" view="Default view">f4fe416167132200ca735bb557415a98</sys_ui_section>
            <sys_updated_by>admin</sys_updated_by>
            <sys_updated_on>2016-11-24 20:56:52</sys_updated_on>
            <sys_user/>
            <type>list</type>
        </sys_ui_element>
        <sys_ui_section action="INSERT_OR_UPDATE">
            <caption/>
            <header>false</header>
            <name>x_66238_tn33_feature_state_map</name>
            <roles/>
            <sys_class_name>sys_ui_section</sys_class_name>
            <sys_created_by>admin</sys_created_by>
            <sys_created_on>2016-11-24 20:51:25</sys_created_on>
            <sys_customer_update>false</sys_customer_update>
            <sys_domain>global</sys_domain>
            <sys_domain_path>/</sys_domain_path>
            <sys_id>f4fe416167132200ca735bb557415a98</sys_id>
            <sys_mod_count>0</sys_mod_count>
            <sys_name>x_66238_tn33_feature_state_map</sys_name>
            <sys_overrides/>
            <sys_package display_value="tn33" source="x_66238_tn33">38fb7e68db5322002e38711ebf9619ac</sys_package>
            <sys_policy/>
            <sys_replace_on_upgrade>false</sys_replace_on_upgrade>
            <sys_scope display_value="tn33">38fb7e68db5322002e38711ebf9619ac</sys_scope>
            <sys_update_name>sys_ui_section_f4fe416167132200ca735bb557415a98</sys_update_name>
            <sys_updated_by>admin</sys_updated_by>
            <sys_updated_on>2016-11-24 20:51:25</sys_updated_on>
            <sys_user/>
            <title>true</title>
            <view display_value="Default view" name="NULL">Default view</view>
            <view_name/>
        </sys_ui_section>
    </sys_ui_section>
</record_update>
