<?xml version="1.0" encoding="UTF-8"?>
<record_update table="sys_db_object">
    <sys_db_object action="INSERT_OR_UPDATE">
        <access>public</access>
        <actions_access>false</actions_access>
        <alter_access>false</alter_access>
        <client_scripts_access>false</client_scripts_access>
        <configuration_access>false</configuration_access>
        <create_access>false</create_access>
        <create_access_controls>true</create_access_controls>
        <delete_access>false</delete_access>
        <extension_model/>
        <is_extendable>false</is_extendable>
        <label>Feature</label>
        <live_feed_enabled>false</live_feed_enabled>
        <name>x_66238_tn33_feature</name>
        <number_ref display_value="FEA">5d01ef85dbd722002e38711ebf9619c4</number_ref>
        <provider_class/>
        <read_access>true</read_access>
        <super_class display_value="Task" name="task">2e67c3a667122200a5745bb557415ac6</super_class>
        <sys_class_name>sys_db_object</sys_class_name>
        <sys_created_by>admin</sys_created_by>
        <sys_created_on>2016-11-23 18:12:36</sys_created_on>
        <sys_customer_update>false</sys_customer_update>
        <sys_id>be9e5385dbd722002e38711ebf9619cc</sys_id>
        <sys_mod_count>1</sys_mod_count>
        <sys_name>Feature</sys_name>
        <sys_package display_value="tn33" source="x_66238_tn33">38fb7e68db5322002e38711ebf9619ac</sys_package>
        <sys_policy/>
        <sys_replace_on_upgrade>false</sys_replace_on_upgrade>
        <sys_scope display_value="tn33">38fb7e68db5322002e38711ebf9619ac</sys_scope>
        <sys_update_name>sys_db_object_be9e5385dbd722002e38711ebf9619cc</sys_update_name>
        <sys_updated_by>admin</sys_updated_by>
        <sys_updated_on>2016-11-23 18:12:40</sys_updated_on>
        <update_access>false</update_access>
        <user_role display_value="x_66238_tn33_feature.user" name="x_66238_tn33_feature.user">a00123c9db9722002e38711ebf961992</user_role>
        <ws_access>true</ws_access>
    </sys_db_object>
</record_update>
