<?xml version="1.0" encoding="UTF-8"?>
<record_update>
    <sys_ui_section caption="Activity" section_id="af81e7c5dbd722002e38711ebf96197d" sys_domain="global" table="x_66238_tn33_feature" version="3" view="">
        <sys_ui_element action="INSERT_OR_UPDATE">
            <element>comments</element>
            <position>0</position>
            <sys_created_by>admin</sys_created_by>
            <sys_created_on>2016-11-23 18:15:00</sys_created_on>
            <sys_id>7781e7c5dbd722002e38711ebf961991</sys_id>
            <sys_mod_count>0</sys_mod_count>
            <sys_ui_formatter/>
            <sys_ui_section caption="Activity" display_value="Activity" name="x_66238_tn33_feature" sys_domain="global" view="Default view">af81e7c5dbd722002e38711ebf96197d</sys_ui_section>
            <sys_updated_by>admin</sys_updated_by>
            <sys_updated_on>2016-11-23 18:15:00</sys_updated_on>
            <sys_user/>
            <type/>
        </sys_ui_element>
        <sys_ui_element action="INSERT_OR_UPDATE">
            <element>activity.xml</element>
            <position>1</position>
            <sys_created_by>admin</sys_created_by>
            <sys_created_on>2016-11-23 18:15:01</sys_created_on>
            <sys_id>f781e7c5dbd722002e38711ebf961991</sys_id>
            <sys_mod_count>0</sys_mod_count>
            <sys_ui_formatter display_value="Activities (filtered)">444ea5c6bf310100e628555b3f0739d6</sys_ui_formatter>
            <sys_ui_section caption="Activity" display_value="Activity" name="x_66238_tn33_feature" sys_domain="global" view="Default view">af81e7c5dbd722002e38711ebf96197d</sys_ui_section>
            <sys_updated_by>admin</sys_updated_by>
            <sys_updated_on>2016-11-23 18:15:01</sys_updated_on>
            <sys_user/>
            <type>formatter</type>
        </sys_ui_element>
        <sys_ui_section action="INSERT_OR_UPDATE">
            <caption>Activity</caption>
            <header>false</header>
            <name>x_66238_tn33_feature</name>
            <roles/>
            <sys_class_name>sys_ui_section</sys_class_name>
            <sys_created_by>admin</sys_created_by>
            <sys_created_on>2016-11-23 18:15:00</sys_created_on>
            <sys_customer_update>false</sys_customer_update>
            <sys_domain>global</sys_domain>
            <sys_domain_path>/</sys_domain_path>
            <sys_id>af81e7c5dbd722002e38711ebf96197d</sys_id>
            <sys_mod_count>0</sys_mod_count>
            <sys_name>Activity</sys_name>
            <sys_overrides/>
            <sys_package display_value="tn33" source="x_66238_tn33">38fb7e68db5322002e38711ebf9619ac</sys_package>
            <sys_policy/>
            <sys_replace_on_upgrade>false</sys_replace_on_upgrade>
            <sys_scope display_value="tn33">38fb7e68db5322002e38711ebf9619ac</sys_scope>
            <sys_update_name>sys_ui_section_af81e7c5dbd722002e38711ebf96197d</sys_update_name>
            <sys_updated_by>admin</sys_updated_by>
            <sys_updated_on>2016-11-23 18:15:00</sys_updated_on>
            <sys_user/>
            <title>false</title>
            <view display_value="Default view" name="NULL">Default view</view>
            <view_name/>
        </sys_ui_section>
    </sys_ui_section>
</record_update>
