<?xml version="1.0" encoding="UTF-8"?>
<record_update>
    <sys_choice action="INSERT_OR_UPDATE" field="short_description" table="x_66238_tn33_feature" version="3">
        <sys_choice action="INSERT_OR_UPDATE">
            <dependent_value/>
            <element>short_description</element>
            <hint/>
            <inactive>false</inactive>
            <label>Issue with a web page</label>
            <language>en</language>
            <name>x_66238_tn33_feature</name>
            <sequence>0</sequence>
            <sys_created_by>admin</sys_created_by>
            <sys_created_on>2016-11-23 18:15:00</sys_created_on>
            <sys_domain>global</sys_domain>
            <sys_domain_path>/</sys_domain_path>
            <sys_id>6781e7c5dbd722002e38711ebf961987</sys_id>
            <sys_mod_count>0</sys_mod_count>
            <sys_updated_by>admin</sys_updated_by>
            <sys_updated_on>2016-11-23 18:15:00</sys_updated_on>
            <value>Issue with a web page</value>
        </sys_choice>
        <sys_choice action="INSERT_OR_UPDATE">
            <dependent_value/>
            <element>short_description</element>
            <hint/>
            <inactive>false</inactive>
            <label>Issue with email</label>
            <language>en</language>
            <name>x_66238_tn33_feature</name>
            <sequence>1</sequence>
            <sys_created_by>admin</sys_created_by>
            <sys_created_on>2016-11-23 18:15:00</sys_created_on>
            <sys_domain>global</sys_domain>
            <sys_domain_path>/</sys_domain_path>
            <sys_id>a381e7c5dbd722002e38711ebf961988</sys_id>
            <sys_mod_count>0</sys_mod_count>
            <sys_updated_by>admin</sys_updated_by>
            <sys_updated_on>2016-11-23 18:15:00</sys_updated_on>
            <value>Issue with email</value>
        </sys_choice>
        <sys_choice action="INSERT_OR_UPDATE">
            <dependent_value/>
            <element>short_description</element>
            <hint/>
            <inactive>false</inactive>
            <label>Issue with networking</label>
            <language>en</language>
            <name>x_66238_tn33_feature</name>
            <sequence>2</sequence>
            <sys_created_by>admin</sys_created_by>
            <sys_created_on>2016-11-23 18:15:00</sys_created_on>
            <sys_domain>global</sys_domain>
            <sys_domain_path>/</sys_domain_path>
            <sys_id>6f81e7c5dbd722002e38711ebf961988</sys_id>
            <sys_mod_count>0</sys_mod_count>
            <sys_updated_by>admin</sys_updated_by>
            <sys_updated_on>2016-11-23 18:15:00</sys_updated_on>
            <value>Issue with networking</value>
        </sys_choice>
        <sys_choice action="INSERT_OR_UPDATE">
            <dependent_value/>
            <element>short_description</element>
            <hint/>
            <inactive>false</inactive>
            <label>New employee hire</label>
            <language>en</language>
            <name>x_66238_tn33_feature</name>
            <sequence>3</sequence>
            <sys_created_by>admin</sys_created_by>
            <sys_created_on>2016-11-23 18:15:00</sys_created_on>
            <sys_domain>global</sys_domain>
            <sys_domain_path>/</sys_domain_path>
            <sys_id>2b81e7c5dbd722002e38711ebf961989</sys_id>
            <sys_mod_count>0</sys_mod_count>
            <sys_updated_by>admin</sys_updated_by>
            <sys_updated_on>2016-11-23 18:15:00</sys_updated_on>
            <value>New employee hire</value>
        </sys_choice>
        <sys_choice action="INSERT_OR_UPDATE">
            <dependent_value/>
            <element>short_description</element>
            <hint/>
            <inactive>false</inactive>
            <label>Request for a Blackberry</label>
            <language>en</language>
            <name>x_66238_tn33_feature</name>
            <sequence>4</sequence>
            <sys_created_by>admin</sys_created_by>
            <sys_created_on>2016-11-23 18:15:00</sys_created_on>
            <sys_domain>global</sys_domain>
            <sys_domain_path>/</sys_domain_path>
            <sys_id>e381e7c5dbd722002e38711ebf96198a</sys_id>
            <sys_mod_count>0</sys_mod_count>
            <sys_updated_by>admin</sys_updated_by>
            <sys_updated_on>2016-11-23 18:15:00</sys_updated_on>
            <value>Request for a Blackberry</value>
        </sys_choice>
        <sys_choice action="INSERT_OR_UPDATE">
            <dependent_value/>
            <element>short_description</element>
            <hint/>
            <inactive>false</inactive>
            <label>Request for a new service</label>
            <language>en</language>
            <name>x_66238_tn33_feature</name>
            <sequence>5</sequence>
            <sys_created_by>admin</sys_created_by>
            <sys_created_on>2016-11-23 18:15:00</sys_created_on>
            <sys_domain>global</sys_domain>
            <sys_domain_path>/</sys_domain_path>
            <sys_id>af81e7c5dbd722002e38711ebf96198a</sys_id>
            <sys_mod_count>0</sys_mod_count>
            <sys_updated_by>admin</sys_updated_by>
            <sys_updated_on>2016-11-23 18:15:00</sys_updated_on>
            <value>Request for a new service</value>
        </sys_choice>
        <sys_choice action="INSERT_OR_UPDATE">
            <dependent_value/>
            <element>short_description</element>
            <hint/>
            <inactive>false</inactive>
            <label>Request for help</label>
            <language>en</language>
            <name>x_66238_tn33_feature</name>
            <sequence>6</sequence>
            <sys_created_by>admin</sys_created_by>
            <sys_created_on>2016-11-23 18:15:00</sys_created_on>
            <sys_domain>global</sys_domain>
            <sys_domain_path>/</sys_domain_path>
            <sys_id>6b81e7c5dbd722002e38711ebf96198b</sys_id>
            <sys_mod_count>0</sys_mod_count>
            <sys_updated_by>admin</sys_updated_by>
            <sys_updated_on>2016-11-23 18:15:00</sys_updated_on>
            <value>Request for help</value>
        </sys_choice>
        <sys_choice action="INSERT_OR_UPDATE">
            <dependent_value/>
            <element>short_description</element>
            <hint/>
            <inactive>false</inactive>
            <label>Request for new or upgraded hardware</label>
            <language>en</language>
            <name>x_66238_tn33_feature</name>
            <sequence>7</sequence>
            <sys_created_by>admin</sys_created_by>
            <sys_created_on>2016-11-23 18:15:00</sys_created_on>
            <sys_domain>global</sys_domain>
            <sys_domain_path>/</sys_domain_path>
            <sys_id>2781e7c5dbd722002e38711ebf96198c</sys_id>
            <sys_mod_count>0</sys_mod_count>
            <sys_updated_by>admin</sys_updated_by>
            <sys_updated_on>2016-11-23 18:15:00</sys_updated_on>
            <value>Request for new or upgraded hardware</value>
        </sys_choice>
        <sys_choice action="INSERT_OR_UPDATE">
            <dependent_value/>
            <element>short_description</element>
            <hint/>
            <inactive>false</inactive>
            <label>Request for new or upgraded software</label>
            <language>en</language>
            <name>x_66238_tn33_feature</name>
            <sequence>8</sequence>
            <sys_created_by>admin</sys_created_by>
            <sys_created_on>2016-11-23 18:15:00</sys_created_on>
            <sys_domain>global</sys_domain>
            <sys_domain_path>/</sys_domain_path>
            <sys_id>ef81e7c5dbd722002e38711ebf96198c</sys_id>
            <sys_mod_count>0</sys_mod_count>
            <sys_updated_by>admin</sys_updated_by>
            <sys_updated_on>2016-11-23 18:15:00</sys_updated_on>
            <value>Request for new or upgraded software</value>
        </sys_choice>
        <sys_choice action="INSERT_OR_UPDATE">
            <dependent_value/>
            <element>short_description</element>
            <hint/>
            <inactive>false</inactive>
            <label>Reset my password</label>
            <language>en</language>
            <name>x_66238_tn33_feature</name>
            <sequence>9</sequence>
            <sys_created_by>admin</sys_created_by>
            <sys_created_on>2016-11-23 18:15:00</sys_created_on>
            <sys_domain>global</sys_domain>
            <sys_domain_path>/</sys_domain_path>
            <sys_id>ab81e7c5dbd722002e38711ebf96198d</sys_id>
            <sys_mod_count>0</sys_mod_count>
            <sys_updated_by>admin</sys_updated_by>
            <sys_updated_on>2016-11-23 18:15:00</sys_updated_on>
            <value>Reset my password</value>
        </sys_choice>
        <sys_choice_set action="INSERT_OR_UPDATE">
            <element>short_description</element>
            <name>x_66238_tn33_feature</name>
            <sys_class_name>sys_choice_set</sys_class_name>
            <sys_created_by>admin</sys_created_by>
            <sys_created_on>2016-11-23 18:15:00</sys_created_on>
            <sys_customer_update>false</sys_customer_update>
            <sys_id>2ec049906733220060525bb557415a95</sys_id>
            <sys_mod_count>2</sys_mod_count>
            <sys_name>short_description</sys_name>
            <sys_package display_value="tn33" source="x_66238_tn33">38fb7e68db5322002e38711ebf9619ac</sys_package>
            <sys_policy/>
            <sys_replace_on_upgrade>false</sys_replace_on_upgrade>
            <sys_scope display_value="tn33">38fb7e68db5322002e38711ebf9619ac</sys_scope>
            <sys_update_name>sys_choice_x_66238_tn33_feature_short_description</sys_update_name>
            <sys_updated_by>admin</sys_updated_by>
            <sys_updated_on>2016-11-24 20:00:33</sys_updated_on>
        </sys_choice_set>
    </sys_choice>
</record_update>
