<?xml version="1.0" encoding="UTF-8"?>
<record_update table="sys_security_acl_role">
    <sys_security_acl_role action="INSERT_OR_UPDATE">
        <sys_class_name>sys_security_acl_role</sys_class_name>
        <sys_created_by>admin</sys_created_by>
        <sys_created_on>2016-11-23 18:12:38</sys_created_on>
        <sys_customer_update>false</sys_customer_update>
        <sys_id>4d01ef85dbd722002e38711ebf9619af</sys_id>
        <sys_mod_count>0</sys_mod_count>
        <sys_name>x_66238_tn33_feature.x_66238_tn33_feature.user</sys_name>
        <sys_package display_value="tn33" source="x_66238_tn33">38fb7e68db5322002e38711ebf9619ac</sys_package>
        <sys_policy/>
        <sys_replace_on_upgrade>false</sys_replace_on_upgrade>
        <sys_scope display_value="tn33">38fb7e68db5322002e38711ebf9619ac</sys_scope>
        <sys_security_acl display_value="x_66238_tn33_feature">0101ef85dbd722002e38711ebf9619af</sys_security_acl>
        <sys_update_name>sys_security_acl_role_4d01ef85dbd722002e38711ebf9619af</sys_update_name>
        <sys_updated_by>admin</sys_updated_by>
        <sys_updated_on>2016-11-23 18:12:38</sys_updated_on>
        <sys_user_role display_value="x_66238_tn33_feature.user" name="x_66238_tn33_feature.user">a00123c9db9722002e38711ebf961992</sys_user_role>
        <transaction_id/>
    </sys_security_acl_role>
</record_update>
