<?xml version="1.0" encoding="UTF-8"?>
<record_update>
    <sys_choice action="INSERT_OR_UPDATE" field="state" table="x_66238_tn33_feature" version="3">
        <sys_choice action="INSERT_OR_UPDATE">
            <dependent_value/>
            <element>state</element>
            <hint/>
            <inactive>true</inactive>
            <label>Pending</label>
            <language>en</language>
            <name>x_66238_tn33_feature</name>
            <sequence>0</sequence>
            <sys_created_by>admin</sys_created_by>
            <sys_created_on>2016-11-23 18:15:00</sys_created_on>
            <sys_domain>global</sys_domain>
            <sys_domain_path>/</sys_domain_path>
            <sys_id>2381e7c5dbd722002e38711ebf96197f</sys_id>
            <sys_mod_count>1</sys_mod_count>
            <sys_updated_by>admin</sys_updated_by>
            <sys_updated_on>2016-11-23 18:19:51</sys_updated_on>
            <value>-5</value>
        </sys_choice>
        <sys_choice action="INSERT_OR_UPDATE">
            <dependent_value/>
            <element>state</element>
            <hint/>
            <inactive>false</inactive>
            <label>New</label>
            <language>en</language>
            <name>x_66238_tn33_feature</name>
            <sequence>0</sequence>
            <sys_created_by>admin</sys_created_by>
            <sys_created_on>2016-11-23 18:15:00</sys_created_on>
            <sys_domain>global</sys_domain>
            <sys_domain_path>/</sys_domain_path>
            <sys_id>6f81e7c5dbd722002e38711ebf96197f</sys_id>
            <sys_mod_count>4</sys_mod_count>
            <sys_updated_by>admin</sys_updated_by>
            <sys_updated_on>2016-11-23 18:23:01</sys_updated_on>
            <value>1</value>
        </sys_choice>
        <sys_choice action="INSERT_OR_UPDATE">
            <dependent_value/>
            <element>state</element>
            <hint/>
            <inactive>true</inactive>
            <label>Work in Progress</label>
            <language>en</language>
            <name>x_66238_tn33_feature</name>
            <sequence>1</sequence>
            <sys_created_by>admin</sys_created_by>
            <sys_created_on>2016-11-23 18:15:00</sys_created_on>
            <sys_domain>global</sys_domain>
            <sys_domain_path>/</sys_domain_path>
            <sys_id>2b81e7c5dbd722002e38711ebf961980</sys_id>
            <sys_mod_count>1</sys_mod_count>
            <sys_updated_by>admin</sys_updated_by>
            <sys_updated_on>2016-11-23 18:19:51</sys_updated_on>
            <value>2</value>
        </sys_choice>
        <sys_choice action="INSERT_OR_UPDATE">
            <dependent_value/>
            <element>state</element>
            <hint/>
            <inactive>false</inactive>
            <label>Work in progress</label>
            <language>en</language>
            <name>x_66238_tn33_feature</name>
            <sequence>1</sequence>
            <sys_created_by>admin</sys_created_by>
            <sys_created_on>2016-11-23 18:20:53</sys_created_on>
            <sys_domain>global</sys_domain>
            <sys_domain_path>/</sys_domain_path>
            <sys_id>75e2ebc5dbd722002e38711ebf96199a</sys_id>
            <sys_mod_count>0</sys_mod_count>
            <sys_updated_by>admin</sys_updated_by>
            <sys_updated_on>2016-11-23 18:20:53</sys_updated_on>
            <value>8</value>
        </sys_choice>
        <sys_choice action="INSERT_OR_UPDATE">
            <dependent_value/>
            <element>state</element>
            <hint/>
            <inactive>false</inactive>
            <label>Review</label>
            <language>en</language>
            <name>x_66238_tn33_feature</name>
            <sequence>2</sequence>
            <sys_created_by>admin</sys_created_by>
            <sys_created_on>2016-11-23 18:19:51</sys_created_on>
            <sys_domain>global</sys_domain>
            <sys_domain_path>/</sys_domain_path>
            <sys_id>72a26fc5dbd722002e38711ebf9619b5</sys_id>
            <sys_mod_count>0</sys_mod_count>
            <sys_updated_by>admin</sys_updated_by>
            <sys_updated_on>2016-11-23 18:19:51</sys_updated_on>
            <value>9</value>
        </sys_choice>
        <sys_choice action="INSERT_OR_UPDATE">
            <dependent_value/>
            <element>state</element>
            <hint/>
            <inactive>false</inactive>
            <label>Approve</label>
            <language>en</language>
            <name>x_66238_tn33_feature</name>
            <sequence>3</sequence>
            <sys_created_by>admin</sys_created_by>
            <sys_created_on>2016-11-23 18:19:51</sys_created_on>
            <sys_domain>global</sys_domain>
            <sys_domain_path>/</sys_domain_path>
            <sys_id>3ea26fc5dbd722002e38711ebf9619b5</sys_id>
            <sys_mod_count>0</sys_mod_count>
            <sys_updated_by>admin</sys_updated_by>
            <sys_updated_on>2016-11-23 18:19:51</sys_updated_on>
            <value>10</value>
        </sys_choice>
        <sys_choice action="INSERT_OR_UPDATE">
            <dependent_value/>
            <element>state</element>
            <hint/>
            <inactive>false</inactive>
            <label>Release</label>
            <language>en</language>
            <name>x_66238_tn33_feature</name>
            <sequence>4</sequence>
            <sys_created_by>admin</sys_created_by>
            <sys_created_on>2016-11-23 18:19:51</sys_created_on>
            <sys_domain>global</sys_domain>
            <sys_domain_path>/</sys_domain_path>
            <sys_id>f6a26fc5dbd722002e38711ebf9619b6</sys_id>
            <sys_mod_count>0</sys_mod_count>
            <sys_updated_by>admin</sys_updated_by>
            <sys_updated_on>2016-11-23 18:19:51</sys_updated_on>
            <value>11</value>
        </sys_choice>
        <sys_choice action="INSERT_OR_UPDATE">
            <dependent_value/>
            <element>state</element>
            <hint/>
            <inactive>false</inactive>
            <label>Deferred</label>
            <language>en</language>
            <name>x_66238_tn33_feature</name>
            <sequence>5</sequence>
            <sys_created_by>admin</sys_created_by>
            <sys_created_on>2016-11-23 18:19:51</sys_created_on>
            <sys_domain>global</sys_domain>
            <sys_domain_path>/</sys_domain_path>
            <sys_id>b2a26fc5dbd722002e38711ebf9619b7</sys_id>
            <sys_mod_count>0</sys_mod_count>
            <sys_updated_by>admin</sys_updated_by>
            <sys_updated_on>2016-11-23 18:19:51</sys_updated_on>
            <value>12</value>
        </sys_choice>
        <sys_choice action="INSERT_OR_UPDATE">
            <dependent_value/>
            <element>state</element>
            <hint/>
            <inactive>false</inactive>
            <label>Closed Complete</label>
            <language>en</language>
            <name>x_66238_tn33_feature</name>
            <sequence>6</sequence>
            <sys_created_by>admin</sys_created_by>
            <sys_created_on>2016-11-23 18:15:00</sys_created_on>
            <sys_domain>global</sys_domain>
            <sys_domain_path>/</sys_domain_path>
            <sys_id>e381e7c5dbd722002e38711ebf961981</sys_id>
            <sys_mod_count>1</sys_mod_count>
            <sys_updated_by>admin</sys_updated_by>
            <sys_updated_on>2016-11-23 18:19:51</sys_updated_on>
            <value>3</value>
        </sys_choice>
        <sys_choice action="INSERT_OR_UPDATE">
            <dependent_value/>
            <element>state</element>
            <hint/>
            <inactive>false</inactive>
            <label>Closed Incomplete</label>
            <language>en</language>
            <name>x_66238_tn33_feature</name>
            <sequence>7</sequence>
            <sys_created_by>admin</sys_created_by>
            <sys_created_on>2016-11-23 18:15:00</sys_created_on>
            <sys_domain>global</sys_domain>
            <sys_domain_path>/</sys_domain_path>
            <sys_id>af81e7c5dbd722002e38711ebf961981</sys_id>
            <sys_mod_count>1</sys_mod_count>
            <sys_updated_by>admin</sys_updated_by>
            <sys_updated_on>2016-11-23 18:19:51</sys_updated_on>
            <value>4</value>
        </sys_choice>
        <sys_choice action="INSERT_OR_UPDATE">
            <dependent_value/>
            <element>state</element>
            <hint/>
            <inactive>false</inactive>
            <label>Closed Skipped</label>
            <language>en</language>
            <name>x_66238_tn33_feature</name>
            <sequence>8</sequence>
            <sys_created_by>admin</sys_created_by>
            <sys_created_on>2016-11-23 18:15:00</sys_created_on>
            <sys_domain>global</sys_domain>
            <sys_domain_path>/</sys_domain_path>
            <sys_id>6b81e7c5dbd722002e38711ebf961982</sys_id>
            <sys_mod_count>1</sys_mod_count>
            <sys_updated_by>admin</sys_updated_by>
            <sys_updated_on>2016-11-23 18:19:51</sys_updated_on>
            <value>7</value>
        </sys_choice>
        <sys_choice_set action="INSERT_OR_UPDATE">
            <element>state</element>
            <name>x_66238_tn33_feature</name>
            <sys_class_name>sys_choice_set</sys_class_name>
            <sys_created_by>admin</sys_created_by>
            <sys_created_on>2016-11-23 18:15:00</sys_created_on>
            <sys_customer_update>false</sys_customer_update>
            <sys_id>6ac049906733220060525bb557415aa8</sys_id>
            <sys_mod_count>7</sys_mod_count>
            <sys_name>state</sys_name>
            <sys_package display_value="tn33" source="x_66238_tn33">38fb7e68db5322002e38711ebf9619ac</sys_package>
            <sys_policy/>
            <sys_replace_on_upgrade>false</sys_replace_on_upgrade>
            <sys_scope display_value="tn33">38fb7e68db5322002e38711ebf9619ac</sys_scope>
            <sys_update_name>sys_choice_x_66238_tn33_feature_state</sys_update_name>
            <sys_updated_by>admin</sys_updated_by>
            <sys_updated_on>2016-11-24 20:00:33</sys_updated_on>
        </sys_choice_set>
    </sys_choice>
</record_update>
