<?xml version="1.0" encoding="UTF-8"?>
<record_update table="sys_security_acl">
    <sys_security_acl action="INSERT_OR_UPDATE">
        <active>true</active>
        <admin_overrides>true</admin_overrides>
        <advanced>false</advanced>
        <condition/>
        <description>Default access control on x_66238_tn33_feature</description>
        <name>x_66238_tn33_feature</name>
        <operation display_value="create">create</operation>
        <script/>
        <sys_class_name>sys_security_acl</sys_class_name>
        <sys_created_by>admin</sys_created_by>
        <sys_created_on>2016-11-23 18:12:38</sys_created_on>
        <sys_customer_update>false</sys_customer_update>
        <sys_id>8d01ef85dbd722002e38711ebf9619ab</sys_id>
        <sys_mod_count>0</sys_mod_count>
        <sys_name>x_66238_tn33_feature</sys_name>
        <sys_package display_value="tn33" source="x_66238_tn33">38fb7e68db5322002e38711ebf9619ac</sys_package>
        <sys_policy/>
        <sys_replace_on_upgrade>false</sys_replace_on_upgrade>
        <sys_scope display_value="tn33">38fb7e68db5322002e38711ebf9619ac</sys_scope>
        <sys_update_name>sys_security_acl_8d01ef85dbd722002e38711ebf9619ab</sys_update_name>
        <sys_updated_by>admin</sys_updated_by>
        <sys_updated_on>2016-11-23 18:12:38</sys_updated_on>
        <type display_value="record">record</type>
    </sys_security_acl>
</record_update>
