<?xml version="1.0" encoding="UTF-8"?>
<record_update table="ua_table_licensing_config">
    <ua_table_licensing_config action="INSERT_OR_UPDATE">
        <is_fulfillment>false</is_fulfillment>
        <license_condition/>
        <license_model>fulfiller</license_model>
        <license_roles/>
        <name>x_66238_tn33_feature</name>
        <op_delete>true</op_delete>
        <op_insert>true</op_insert>
        <op_update>true</op_update>
        <owner_condition table="x_66238_tn33_feature">opened_by=javascript:gs.getUserID()^EQ<item endquery="false" field="opened_by" goto="false" newquery="false" operator="=" or="false" value="javascript:gs.getUserID()"/>
            <item endquery="true" field="" goto="false" newquery="false" operator="=" or="false" value=""/>
        </owner_condition>
        <sys_class_name>ua_table_licensing_config</sys_class_name>
        <sys_created_by>admin</sys_created_by>
        <sys_created_on>2016-11-23 18:12:39</sys_created_on>
        <sys_customer_update>false</sys_customer_update>
        <sys_id>41c0c5906733220060525bb557415aed</sys_id>
        <sys_mod_count>0</sys_mod_count>
        <sys_name>x_66238_tn33_feature</sys_name>
        <sys_package display_value="tn33" source="x_66238_tn33">38fb7e68db5322002e38711ebf9619ac</sys_package>
        <sys_policy/>
        <sys_replace_on_upgrade>false</sys_replace_on_upgrade>
        <sys_scope display_value="tn33">38fb7e68db5322002e38711ebf9619ac</sys_scope>
        <sys_update_name>ua_table_licensing_config_41c0c5906733220060525bb557415aed</sys_update_name>
        <sys_updated_by>admin</sys_updated_by>
        <sys_updated_on>2016-11-23 18:12:39</sys_updated_on>
    </ua_table_licensing_config>
</record_update>
